{
	"info": {
		"_postman_id": "77bc4591-9054-49a5-91c1-5420b720ec21",
		"name": "configuration-database-ms-collection",
		"schema": "https://schema.getpostman.com/json/collection/v2.1.0/collection.json",
		"_exporter_id": "30814477"
	},
	"item": [
		{
			"name": "Fetch All Configurations",
			"request": {
				"method": "GET",
				"header": [],
				"url": {
					"raw": "http://localhost:8088/api/config/getAll",
					"protocol": "http",
					"host": [
						"localhost"
					],
					"port": "8088",
					"path": [
						"api",
						"config",
						"getAll"
					]
				}
			},
			"response": []
		},
		{
			"name": "Delete Configuration",
			"request": {
				"method": "DELETE",
				"header": [],
				"url": {
					"raw": "http://localhost:8088/api/config/TP-LINK-ROUTER-1",
					"protocol": "http",
					"host": [
						"localhost"
					],
					"port": "8088",
					"path": [
						"api",
						"config",
						"TP-LINK-ROUTER-1"
					]
				}
			},
			"response": []
		},
		{
			"name": "Add New Configuration",
			"request": {
				"method": "POST",
				"header": [],
				"body": {
					"mode": "raw",
					"raw": "{\r\n    \"deviceId\": \"CISCO-ROUTER-2\",\r\n    \"configData\": \"id-user pass-123\",\r\n    \"version\": 1\r\n}",
					"options": {
						"raw": {
							"language": "json"
						}
					}
				},
				"url": {
					"raw": "http://localhost:8088/api/config/add",
					"protocol": "http",
					"host": [
						"localhost"
					],
					"port": "8088",
					"path": [
						"api",
						"config",
						"add"
					]
				}
			},
			"response": []
		},
		{
			"name": "Update Existing Configuration",
			"request": {
				"method": "PUT",
				"header": [],
				"body": {
					"mode": "raw",
					"raw": "{\r\n    \"deviceId\": \"TP-LINK-ROUTER-1\",\r\n    \"configData\": \"id-debakshmi pan pass-12345678\"\r\n}",
					"options": {
						"raw": {
							"language": "json"
						}
					}
				},
				"url": {
					"raw": "http://localhost:8088/api/config/update/1",
					"protocol": "http",
					"host": [
						"localhost"
					],
					"port": "8088",
					"path": [
						"api",
						"config",
						"update",
						"1"
					]
				}
			},
			"response": []
		}
	]
}